drug,depression
medium,6.26727215
medium,8.235571843
medium,3.39298708
medium,4.00430565
medium,4.596690015
medium,7.488140056
medium,3.642329798
medium,8.389809344
medium,7.629310929
medium,8.92041942
medium,5.296977855
medium,7.197631372
medium,9.811828577
medium,2.920815879
medium,7.358211547
medium,6.638421914
medium,6.881919558
medium,4.851817504
medium,4.305575866
medium,10.87475624
low,11.24785107
low,8.387183553
low,7.36740663
low,7.424018463
low,10.04249943
low,5.229207767
low,10.00269459
low,8.475535367
low,9.201443477
low,7.194287648
low,10.60536158
low,11.68544265
low,8.648600134
low,10.64896777
low,5.957826913
low,7.61018133
low,11.52499452
low,12.58949072
low,8.090772024
low,8.404835956
none,13.0759922
none,14.82322901
none,12.24776551
none,9.801385614
none,14.43585934
none,12.29584404
none,10.89338479
none,9.225279243
none,10.29434795
none,9.684016178
none,12.32565988
none,11.25415383
none,12.8162336
none,10.38729521
none,13.01485497
none,12.13681893
none,15.12941397
none,13.47439244
none,12.45898698
none,12.79287758
high,9.995495667
high,10.9516239
high,12.32853005
high,10.25380787
high,7.331650636
high,10.15439902
high,9.552857061
high,14.3699212
high,9.849578496
high,13.35758182
high,13.09725837
high,7.752017282
high,8.123596287
high,7.518519783
high,12.4634973
high,9.362602369
high,8.062832683
high,9.404465853
high,9.137813024
high,11.6755336